Squad,# Pl,90s,Gls,Sh,SoT,SoT%,Sh/90,SoT/90,G/Sh,G/SoT,Dist,PK,PKatt,Season
Arsenal,23,42.0,50,,224,,,5.33,,0.21,,4,5,1993-1994
Aston Villa,25,42.0,45,,166,,,3.95,,0.25,,3,3,1993-1994
Blackburn,22,42.0,63,,245,,,5.83,,0.24,,3,4,1993-1994
Chelsea,25,42.0,51,,178,,,4.24,,0.27,,3,5,1993-1994
Coventry City,27,42.0,43,,196,,,4.67,,0.2,,3,5,1993-1994
Everton,22,42.0,43,,183,,,4.36,,0.22,,3,4,1993-1994
Ipswich Town,21,42.0,31,,177,,,4.21,,0.16,,2,3,1993-1994
Leeds United,25,42.0,63,,199,,,4.74,,0.31,,1,2,1993-1994
Liverpool,26,42.0,54,,219,,,5.21,,0.22,,5,7,1993-1994
Manchester City,32,42.0,35,,136,,,3.24,,0.25,,1,2,1993-1994
Manchester Utd,23,42.0,79,,248,,,5.9,,0.31,,3,3,1993-1994
Newcastle Utd,27,42.0,80,,227,,,5.4,,0.31,,9,10,1993-1994
Norwich City,24,42.0,64,,184,,,4.38,,0.34,,1,1,1993-1994
Oldham Athletic,28,42.0,40,,166,,,3.95,,0.23,,1,2,1993-1994
QPR,22,42.0,60,,186,,,4.43,,0.3,,5,6,1993-1994
Sheffield Utd,28,42.0,41,,177,,,4.21,,0.23,,0,0,1993-1994
Sheffield Weds,27,42.0,71,,229,,,5.45,,0.3,,2,3,1993-1994
Southampton,31,42.0,50,,204,,,4.86,,0.21,,7,7,1993-1994
Swindon Town,26,42.0,45,,189,,,4.5,,0.2,,7,8,1993-1994
Tottenham,30,42.0,53,,195,,,4.64,,0.26,,2,4,1993-1994
West Ham,26,42.0,44,,169,,,4.02,,0.25,,2,3,1993-1994
Wimbledon,25,42.0,49,,197,,,4.69,,0.24,,1,2,1993-1994
Arsenal,30,42.0,54,,201,,,4.79,,0.25,,3,4,1994-1995
Aston Villa,26,42.0,48,,175,,,4.17,,0.27,,1,1,1994-1995
Blackburn,21,42.0,78,,264,,,6.29,,0.26,,10,12,1994-1995
Chelsea,24,42.0,47,,191,,,4.55,,0.24,,1,2,1994-1995
Coventry City,29,42.0,42,,204,,,4.86,,0.18,,5,5,1994-1995
Crystal Palace,25,42.0,33,,132,,,3.14,,0.24,,1,3,1994-1995
Everton,26,42.0,43,,186,,,4.43,,0.23,,1,3,1994-1995
Ipswich Town,33,42.0,27,,137,,,3.26,,0.18,,3,3,1994-1995
Leeds United,21,42.0,56,,223,,,5.31,,0.24,,3,4,1994-1995
Leicester City,30,42.0,46,,159,,,3.79,,0.29,,0,1,1994-1995
Liverpool,21,42.0,60,,228,,,5.43,,0.24,,5,6,1994-1995
Manchester City,27,42.0,53,,195,,,4.64,,0.27,,1,2,1994-1995
Manchester Utd,24,42.0,76,,198,,,4.71,,0.36,,4,4,1994-1995
Newcastle Utd,22,42.0,66,,172,,,4.1,,0.36,,4,5,1994-1995
Norwich City,26,42.0,31,,145,,,3.45,,0.2,,2,3,1994-1995
Nott'ham Forest,20,42.0,71,,210,,,5.0,,0.31,,5,6,1994-1995
QPR,23,42.0,60,,206,,,4.9,,0.29,,0,1,1994-1995
Sheffield Weds,24,42.0,48,,158,,,3.76,,0.3,,1,2,1994-1995
Southampton,26,42.0,61,,175,,,4.17,,0.33,,3,3,1994-1995
Tottenham,24,42.0,62,,199,,,4.74,,0.3,,2,3,1994-1995
West Ham,26,42.0,44,,184,,,4.38,,0.21,,5,5,1994-1995
Wimbledon,26,42.0,40,,171,,,4.07,,0.22,,3,4,1994-1995
Arsenal,25,38.0,49,,200,,,5.26,,0.23,,3,5,1995-1996
Aston Villa,24,38.0,49,,173,,,4.55,,0.27,,2,2,1995-1996
Blackburn,26,38.0,60,,220,,,5.79,,0.26,,3,3,1995-1996
Bolton,28,38.0,39,,166,,,4.37,,0.22,,3,3,1995-1996
Chelsea,25,38.0,45,,174,,,4.58,,0.24,,3,4,1995-1996
Coventry City,26,38.0,42,,183,,,4.82,,0.22,,1,2,1995-1996
Everton,24,38.0,63,,189,,,4.97,,0.31,,4,4,1995-1996
Leeds United,31,38.0,38,,186,,,4.89,,0.19,,2,3,1995-1996
Liverpool,19,38.0,68,,242,,,6.37,,0.28,,1,1,1995-1996
Manchester City,27,38.0,33,,166,,,4.37,,0.19,,1,2,1995-1996
Manchester Utd,23,38.0,72,,215,,,5.66,,0.32,,4,4,1995-1996
Middlesbrough,30,38.0,34,,153,,,4.03,,0.2,,3,4,1995-1996
Newcastle Utd,22,38.0,68,,215,,,5.66,,0.3,,3,4,1995-1996
Nott'ham Forest,22,38.0,48,,183,,,4.82,,0.25,,3,3,1995-1996
QPR,27,38.0,37,,152,,,4.0,,0.24,,0,1,1995-1996
Sheffield Weds,28,38.0,48,,184,,,4.84,,0.24,,4,4,1995-1996
Southampton,25,38.0,33,,152,,,4.0,,0.19,,4,4,1995-1996
Tottenham,23,38.0,47,,181,,,4.76,,0.25,,2,2,1995-1996
West Ham,31,38.0,43,,195,,,5.13,,0.19,,5,6,1995-1996
Wimbledon,30,38.0,54,,184,,,4.84,,0.28,,2,2,1995-1996
Arsenal,28,38.0,59,,239,,,6.29,,0.21,,8,8,1996-1997
Aston Villa,21,38.0,46,,217,,,5.71,,0.19,,4,5,1996-1997
Blackburn,25,38.0,42,,166,,,4.37,,0.24,,2,3,1996-1997
Chelsea,31,38.0,56,,215,,,5.66,,0.24,,4,5,1996-1997
Coventry City,25,38.0,36,,183,,,4.82,,0.18,,3,3,1996-1997
Derby County,26,38.0,42,,194,,,5.11,,0.2,,3,4,1996-1997
Everton,26,38.0,45,,211,,,5.55,,0.19,,4,6,1996-1997
Leeds United,30,38.0,27,,168,,,4.42,,0.16,,0,1,1996-1997
Leicester City,24,38.0,44,,193,,,5.08,,0.21,,3,6,1996-1997
Liverpool,23,38.0,58,,231,,,6.08,,0.24,,2,3,1996-1997
Manchester Utd,23,38.0,70,,239,,,6.29,,0.28,,4,6,1996-1997
Middlesbrough,30,38.0,50,,269,,,7.08,,0.17,,5,8,1996-1997
Newcastle Utd,20,38.0,72,,257,,,6.76,,0.26,,5,7,1996-1997
Nott'ham Forest,29,38.0,31,,185,,,4.87,,0.16,,2,3,1996-1997
Sheffield Weds,24,38.0,50,,181,,,4.76,,0.27,,2,4,1996-1997
Southampton,31,38.0,47,,201,,,5.29,,0.2,,6,7,1996-1997
Sunderland,25,38.0,32,,167,,,4.39,,0.17,,4,6,1996-1997
Tottenham,26,38.0,43,,191,,,5.03,,0.21,,2,3,1996-1997
West Ham,32,38.0,40,,219,,,5.76,,0.16,,5,6,1996-1997
Wimbledon,24,38.0,48,,209,,,5.5,,0.23,,0,1,1996-1997
Arsenal,26,38.0,66,,249,,,6.55,,0.24,,5,6,1997-1998
Aston Villa,22,38.0,49,,207,,,5.45,,0.22,,3,4,1997-1998
Barnsley,26,38.0,37,,155,,,4.08,,0.22,,3,5,1997-1998
Blackburn,24,38.0,55,,230,,,6.05,,0.23,,2,2,1997-1998
Bolton,28,38.0,41,,233,,,6.13,,0.16,,3,3,1997-1998
Chelsea,28,38.0,67,,224,,,5.89,,0.27,,6,6,1997-1998
Coventry City,26,38.0,46,,197,,,5.18,,0.21,,5,7,1997-1998
Crystal Palace,36,38.0,35,,143,,,3.76,,0.24,,1,2,1997-1998
Derby County,28,38.0,52,,224,,,5.89,,0.21,,5,6,1997-1998
Everton,34,38.0,38,,164,,,4.32,,0.23,,0,0,1997-1998
Leeds United,22,38.0,52,,200,,,5.26,,0.26,,1,2,1997-1998
Leicester City,22,38.0,51,,180,,,4.74,,0.26,,4,4,1997-1998
Liverpool,24,38.0,68,,245,,,6.45,,0.26,,4,5,1997-1998
Manchester Utd,29,38.0,68,,222,,,5.84,,0.29,,3,6,1997-1998
Newcastle Utd,26,38.0,35,,185,,,4.87,,0.18,,1,2,1997-1998
Sheffield Weds,34,38.0,51,,199,,,5.24,,0.24,,3,3,1997-1998
Southampton,31,38.0,48,,169,,,4.45,,0.25,,5,5,1997-1998
Tottenham,28,38.0,44,,208,,,5.47,,0.21,,0,2,1997-1998
West Ham,29,38.0,53,,226,,,5.95,,0.23,,1,1,1997-1998
Wimbledon,27,38.0,32,,175,,,4.61,,0.18,,1,1,1997-1998
Arsenal,26,38.0,58,,247,,,6.5,,0.23,,2,4,1998-1999
Aston Villa,24,38.0,50,,144,,,3.79,,0.33,,2,4,1998-1999
Blackburn,30,38.0,34,,177,,,4.66,,0.18,,2,4,1998-1999
Charlton Ath,27,38.0,39,,161,,,4.24,,0.22,,4,6,1998-1999
Chelsea,26,38.0,56,,211,,,5.55,,0.25,,3,4,1998-1999
Coventry City,28,38.0,39,,196,,,5.16,,0.19,,2,2,1998-1999
Derby County,30,38.0,40,,152,,,4.0,,0.24,,4,6,1998-1999
Everton,34,38.0,44,,175,,,4.61,,0.23,,3,6,1998-1999
Leeds United,24,38.0,61,,215,,,5.66,,0.27,,2,3,1998-1999
Leicester City,24,38.0,40,,174,,,4.58,,0.22,,2,3,1998-1999
Liverpool,25,38.0,68,,223,,,5.87,,0.27,,7,7,1998-1999
Manchester Utd,23,38.0,78,,248,,,6.53,,0.31,,2,4,1998-1999
Middlesbrough,29,38.0,47,,214,,,5.63,,0.21,,1,1,1998-1999
Newcastle Utd,34,38.0,47,,197,,,5.18,,0.21,,6,7,1998-1999
Nott'ham Forest,33,38.0,35,,151,,,3.97,,0.22,,2,2,1998-1999
Sheffield Weds,31,38.0,39,,145,,,3.82,,0.26,,1,2,1998-1999
Southampton,31,38.0,35,,163,,,4.29,,0.21,,1,1,1998-1999
Tottenham,29,38.0,48,,200,,,5.26,,0.23,,2,3,1998-1999
West Ham,29,38.0,48,,191,,,5.03,,0.25,,1,1,1998-1999
Wimbledon,23,38.0,40,,148,,,3.89,,0.26,,1,1,1998-1999
Arsenal,30,38.0,71,,282,,,7.42,,0.24,,3,5,1999-2000
Aston Villa,25,38.0,48,,160,,,4.21,,0.28,,3,5,1999-2000
Bradford City,25,38.0,37,,150,,,3.95,,0.21,,5,5,1999-2000
Chelsea,27,38.0,48,,197,,,5.18,,0.24,,1,1,1999-2000
Coventry City,30,38.0,46,,181,,,4.76,,0.23,,5,5,1999-2000
Derby County,31,38.0,42,,160,,,4.21,,0.25,,2,4,1999-2000
Everton,28,38.0,58,,175,,,4.61,,0.3,,6,7,1999-2000
Leeds United,20,38.0,57,,221,,,5.82,,0.24,,4,6,1999-2000
Leicester City,26,38.0,53,,138,,,3.63,,0.36,,3,3,1999-2000
Liverpool,23,38.0,50,,219,,,5.76,,0.21,,3,5,1999-2000
Manchester Utd,29,38.0,94,,254,,,6.68,,0.36,,3,5,1999-2000
Middlesbrough,28,38.0,44,,176,,,4.63,,0.22,,6,9,1999-2000
Newcastle Utd,32,38.0,60,,195,,,5.13,,0.28,,6,6,1999-2000
Sheffield Weds,25,38.0,34,,157,,,4.13,,0.2,,3,4,1999-2000
Southampton,29,38.0,42,,189,,,4.97,,0.22,,1,1,1999-2000
Sunderland,27,38.0,57,,185,,,4.87,,0.28,,6,8,1999-2000
Tottenham,28,38.0,55,,207,,,5.45,,0.26,,1,1,1999-2000
Watford,31,38.0,35,,173,,,4.55,,0.19,,2,2,1999-2000
West Ham,28,38.0,51,,220,,,5.79,,0.22,,2,2,1999-2000
Wimbledon,26,38.0,44,,146,,,3.84,,0.29,,1,1,1999-2000
Arsenal,26,38.0,62,,267,,,7.03,,0.23,,1,2,2000-2001
Aston Villa,23,38.0,46,,166,,,4.37,,0.27,,1,1,2000-2001
Bradford City,30,38.0,26,,123,,,3.24,,0.19,,3,5,2000-2001
Charlton Ath,27,38.0,47,,216,,,5.68,,0.2,,3,3,2000-2001
Chelsea,27,38.0,67,,220,,,5.79,,0.29,,4,4,2000-2001
Coventry City,28,38.0,33,,160,,,4.21,,0.19,,3,3,2000-2001
Derby County,32,38.0,36,,145,,,3.82,,0.23,,2,3,2000-2001
Everton,31,38.0,45,,189,,,4.97,,0.21,,5,7,2000-2001
Ipswich Town,23,38.0,56,,205,,,5.39,,0.26,,3,3,2000-2001
Leeds United,26,38.0,63,,229,,,6.03,,0.26,,3,4,2000-2001
Leicester City,29,38.0,39,,179,,,4.71,,0.2,,3,3,2000-2001
Liverpool,26,38.0,70,,228,,,6.0,,0.29,,3,4,2000-2001
Manchester City,30,38.0,38,,165,,,4.34,,0.22,,2,2,2000-2001
Manchester Utd,29,38.0,77,,251,,,6.61,,0.3,,2,3,2000-2001
Middlesbrough,28,38.0,43,,175,,,4.61,,0.23,,3,3,2000-2001
Newcastle Utd,29,38.0,42,,183,,,4.82,,0.2,,5,7,2000-2001
Southampton,24,38.0,40,,173,,,4.55,,0.23,,0,0,2000-2001
Sunderland,28,38.0,46,,195,,,5.13,,0.23,,2,4,2000-2001
Tottenham,29,38.0,46,,185,,,4.87,,0.23,,3,4,2000-2001
West Ham,34,38.0,45,,217,,,5.71,,0.19,,4,4,2000-2001
Arsenal,25,38.0,79,,292,,,7.68,,0.25,,6,7,2001-2002
Aston Villa,23,38.0,44,,202,,,5.32,,0.21,,2,2,2001-2002
Blackburn,27,38.0,54,,253,,,6.66,,0.21,,1,1,2001-2002
Bolton,30,38.0,42,,205,,,5.39,,0.2,,0,1,2001-2002
Charlton Ath,25,38.0,36,,212,,,5.58,,0.17,,0,1,2001-2002
Chelsea,25,38.0,65,,237,,,6.24,,0.26,,3,3,2001-2002
Derby County,34,38.0,33,,163,,,4.29,,0.19,,2,5,2001-2002
Everton,28,38.0,44,,213,,,5.61,,0.19,,3,3,2001-2002
Fulham,24,38.0,35,,180,,,4.74,,0.19,,1,3,2001-2002
Ipswich Town,26,38.0,41,,231,,,6.08,,0.17,,1,3,2001-2002
Leeds United,21,38.0,54,,267,,,7.03,,0.2,,1,2,2001-2002
Leicester City,33,38.0,29,,167,,,4.39,,0.16,,2,4,2001-2002
Liverpool,27,38.0,63,,262,,,6.89,,0.24,,1,3,2001-2002
Manchester Utd,28,38.0,81,,289,,,7.61,,0.26,,5,5,2001-2002
Middlesbrough,35,38.0,33,,142,,,3.74,,0.22,,2,3,2001-2002
Newcastle Utd,24,38.0,72,,265,,,6.97,,0.25,,5,7,2001-2002
Southampton,30,38.0,42,,168,,,4.42,,0.23,,4,4,2001-2002
Sunderland,26,38.0,29,,190,,,5.0,,0.15,,1,3,2001-2002
Tottenham,24,38.0,48,,212,,,5.58,,0.21,,3,3,2001-2002
West Ham,28,38.0,48,,210,,,5.53,,0.21,,4,5,2001-2002
Arsenal,28,38.0,84,,259,,,6.82,,0.31,,5,6,2002-2003
Aston Villa,27,38.0,42,,196,,,5.16,,0.2,,3,4,2002-2003
Birmingham City,33,38.0,40,,141,,,3.71,,0.26,,4,5,2002-2003
Blackburn,28,38.0,50,,174,,,4.58,,0.26,,5,6,2002-2003
Bolton,27,38.0,38,,152,,,4.0,,0.24,,1,2,2002-2003
Charlton Ath,26,38.0,43,,156,,,4.11,,0.25,,4,5,2002-2003
Chelsea,23,38.0,67,,222,,,5.84,,0.29,,3,3,2002-2003
Everton,28,38.0,48,,182,,,4.79,,0.24,,4,4,2002-2003
Fulham,27,38.0,38,,182,,,4.79,,0.18,,6,7,2002-2003
Leeds United,29,38.0,54,,176,,,4.63,,0.28,,4,5,2002-2003
Liverpool,23,38.0,61,,209,,,5.5,,0.27,,4,6,2002-2003
Manchester City,26,38.0,47,,168,,,4.42,,0.27,,2,2,2002-2003
Manchester Utd,26,38.0,73,,235,,,6.18,,0.27,,9,9,2002-2003
Middlesbrough,29,38.0,48,,139,,,3.66,,0.33,,2,3,2002-2003
Newcastle Utd,26,38.0,63,,221,,,5.82,,0.27,,3,4,2002-2003
Southampton,26,38.0,42,,191,,,5.03,,0.19,,6,6,2002-2003
Sunderland,34,38.0,21,,142,,,3.74,,0.14,,1,3,2002-2003
Tottenham,25,38.0,50,,166,,,4.37,,0.28,,3,3,2002-2003
West Brom,23,38.0,29,,167,,,4.39,,0.17,,1,1,2002-2003
West Ham,24,38.0,41,,185,,,4.87,,0.2,,4,5,2002-2003
Arsenal,22,38.0,69,,235,,,6.18,,0.26,,7,7,2003-2004
Aston Villa,23,38.0,48,,182,,,4.79,,0.24,,4,5,2003-2004
Birmingham City,27,38.0,43,,161,,,4.24,,0.24,,4,5,2003-2004
Blackburn,28,38.0,52,,184,,,4.84,,0.28,,0,0,2003-2004
Bolton,24,38.0,47,,212,,,5.58,,0.22,,1,1,2003-2004
Charlton Ath,24,38.0,50,,154,,,4.05,,0.29,,6,8,2003-2004
Chelsea,27,38.0,67,,216,,,5.68,,0.29,,4,4,2003-2004
Everton,27,38.0,42,,160,,,4.21,,0.26,,1,1,2003-2004
Fulham,30,38.0,52,,154,,,4.05,,0.32,,2,3,2003-2004
Leeds United,30,38.0,40,,134,,,3.53,,0.27,,4,4,2003-2004
Leicester City,30,38.0,45,,168,,,4.42,,0.26,,2,3,2003-2004
Liverpool,26,38.0,53,,221,,,5.82,,0.2,,8,10,2003-2004
Manchester City,24,38.0,52,,198,,,5.21,,0.24,,4,4,2003-2004
Manchester Utd,22,38.0,63,,182,,,4.79,,0.34,,1,4,2003-2004
Middlesbrough,27,38.0,42,,182,,,4.79,,0.21,,3,5,2003-2004
Newcastle Utd,24,38.0,53,,178,,,4.68,,0.26,,7,10,2003-2004
Portsmouth,32,38.0,49,,167,,,4.39,,0.28,,3,3,2003-2004
Southampton,28,38.0,43,,175,,,4.61,,0.23,,2,2,2003-2004
Tottenham,28,38.0,47,,186,,,4.89,,0.24,,3,3,2003-2004
Wolves,27,38.0,39,,177,,,4.66,,0.21,,1,4,2003-2004
Arsenal,25,38.0,86,,301,,,7.92,,0.28,,3,4,2004-2005
Aston Villa,22,38.0,43,,213,,,5.61,,0.19,,3,6,2004-2005
Birmingham City,27,38.0,37,,158,,,4.16,,0.22,,2,2,2004-2005
Blackburn,31,38.0,31,,196,,,5.16,,0.15,,2,3,2004-2005
Bolton,25,38.0,49,,260,,,6.84,,0.17,,5,6,2004-2005
Charlton Ath,22,38.0,41,,171,,,4.5,,0.24,,0,0,2004-2005
Chelsea,30,38.0,71,,310,,,8.16,,0.21,,5,6,2004-2005
Crystal Palace,27,38.0,43,,191,,,5.03,,0.17,,10,12,2004-2005
Everton,22,38.0,45,,173,,,4.55,,0.25,,2,3,2004-2005
Fulham,24,38.0,52,,187,,,4.92,,0.27,,2,4,2004-2005
Liverpool,29,38.0,49,,245,,,6.45,,0.19,,3,5,2004-2005
Manchester City,25,38.0,45,,213,,,5.61,,0.19,,5,6,2004-2005
Manchester Utd,26,38.0,57,,337,,,8.87,,0.16,,3,4,2004-2005
Middlesbrough,27,38.0,49,,242,,,6.37,,0.2,,1,1,2004-2005
Newcastle Utd,27,38.0,44,,240,,,6.32,,0.17,,3,3,2004-2005
Norwich City,25,38.0,41,,183,,,4.82,,0.21,,3,4,2004-2005
Portsmouth,26,38.0,41,,173,,,4.55,,0.2,,6,6,2004-2005
Southampton,35,38.0,44,,173,,,4.55,,0.24,,3,3,2004-2005
Tottenham,31,38.0,47,,242,,,6.37,,0.19,,1,1,2004-2005
West Brom,27,38.0,34,,191,,,5.03,,0.17,,2,3,2004-2005
Arsenal,27,38.0,66,,275,,,7.24,,0.23,,4,7,2005-2006
Aston Villa,27,38.0,41,,189,,,4.97,,0.21,,1,4,2005-2006
Birmingham City,30,38.0,26,,171,,,4.5,,0.14,,2,2,2005-2006
Blackburn,25,38.0,49,,181,,,4.76,,0.25,,4,4,2005-2006
Bolton,24,38.0,47,,204,,,5.37,,0.22,,2,4,2005-2006
Charlton Ath,28,38.0,41,,189,,,4.97,,0.2,,4,4,2005-2006
Chelsea,25,38.0,71,,279,,,7.34,,0.24,,4,4,2005-2006
Everton,28,38.0,32,,206,,,5.42,,0.15,,1,3,2005-2006
Fulham,27,38.0,47,,180,,,4.74,,0.24,,4,4,2005-2006
Liverpool,24,38.0,54,,283,,,7.45,,0.18,,4,5,2005-2006
Manchester City,26,38.0,42,,206,,,5.42,,0.2,,1,2,2005-2006
Manchester Utd,26,38.0,68,,286,,,7.53,,0.23,,2,3,2005-2006
Middlesbrough,37,38.0,48,,211,,,5.55,,0.2,,5,5,2005-2006
Newcastle Utd,26,38.0,45,,209,,,5.5,,0.19,,5,5,2005-2006
Portsmouth,34,38.0,36,,227,,,5.97,,0.15,,2,2,2005-2006
Sunderland,28,38.0,24,,180,,,4.74,,0.12,,2,2,2005-2006
Tottenham,29,38.0,52,,231,,,6.08,,0.21,,4,6,2005-2006
West Brom,29,38.0,31,,155,,,4.08,,0.19,,1,2,2005-2006
West Ham,28,38.0,48,,164,,,4.32,,0.27,,3,5,2005-2006
Wigan Athletic,25,38.0,44,,211,,,5.55,,0.2,,1,1,2005-2006
Arsenal,25,38.0,60,,249,,,6.55,,0.2,,10,11,2006-2007
Aston Villa,30,38.0,45,,228,,,6.0,,0.17,,6,8,2006-2007
Blackburn,29,38.0,49,,211,,,5.55,,0.21,,5,7,2006-2007
Bolton,23,38.0,45,,195,,,5.13,,0.2,,6,7,2006-2007
Charlton Ath,29,38.0,32,,172,,,4.53,,0.16,,4,4,2006-2007
Chelsea,26,38.0,58,,235,,,6.18,,0.23,,3,4,2006-2007
Everton,26,38.0,50,,200,,,5.26,,0.21,,8,8,2006-2007
Fulham,25,38.0,36,,177,,,4.66,,0.19,,3,3,2006-2007
Liverpool,29,38.0,56,,249,,,6.55,,0.2,,6,7,2006-2007
Manchester City,29,38.0,28,,179,,,4.71,,0.15,,2,4,2006-2007
Manchester Utd,25,38.0,80,,300,,,7.89,,0.25,,5,6,2006-2007
Middlesbrough,27,38.0,43,,169,,,4.45,,0.23,,4,5,2006-2007
Newcastle Utd,29,38.0,38,,182,,,4.79,,0.18,,5,5,2006-2007
Portsmouth,25,38.0,40,,195,,,5.13,,0.19,,2,3,2006-2007
Reading,23,38.0,48,,167,,,4.39,,0.27,,3,3,2006-2007
Sheffield Utd,32,38.0,31,,193,,,5.08,,0.15,,2,4,2006-2007
Tottenham,26,38.0,56,,214,,,5.63,,0.24,,5,5,2006-2007
Watford,33,38.0,24,,144,,,3.79,,0.15,,3,3,2006-2007
West Ham,30,38.0,35,,149,,,3.92,,0.23,,1,3,2006-2007
Wigan Athletic,30,38.0,37,,188,,,4.95,,0.18,,3,6,2006-2007
Arsenal,27,38.0,73,,250,,,6.58,,0.27,,5,6,2007-2008
Aston Villa,22,38.0,66,,200,,,5.26,,0.3,,6,7,2007-2008
Birmingham City,28,38.0,44,,178,,,4.68,,0.21,,6,6,2007-2008
Blackburn,22,38.0,50,,219,,,5.76,,0.21,,5,6,2007-2008
Bolton,31,38.0,34,,162,,,4.26,,0.21,,0,1,2007-2008
Chelsea,27,38.0,64,,207,,,5.45,,0.28,,7,7,2007-2008
Derby County,36,38.0,19,,141,,,3.71,,0.13,,0,0,2007-2008
Everton,23,38.0,53,,190,,,5.0,,0.27,,1,1,2007-2008
Fulham,33,38.0,37,,174,,,4.58,,0.2,,2,3,2007-2008
Liverpool,25,38.0,64,,266,,,7.0,,0.22,,5,5,2007-2008
Manchester City,28,38.0,42,,169,,,4.45,,0.24,,2,2,2007-2008
Manchester Utd,25,38.0,78,,301,,,7.92,,0.24,,6,8,2007-2008
Middlesbrough,30,38.0,43,,181,,,4.76,,0.23,,2,2,2007-2008
Newcastle Utd,27,38.0,43,,174,,,4.58,,0.22,,4,4,2007-2008
Portsmouth,28,38.0,46,,185,,,4.87,,0.23,,4,7,2007-2008
Reading,26,38.0,41,,183,,,4.82,,0.21,,2,4,2007-2008
Sunderland,31,38.0,36,,153,,,4.03,,0.23,,1,2,2007-2008
Tottenham,30,38.0,65,,236,,,6.21,,0.26,,4,6,2007-2008
West Ham,28,38.0,39,,179,,,4.71,,0.21,,2,2,2007-2008
Wigan Athletic,27,38.0,33,,184,,,4.84,,0.16,,4,5,2007-2008
Arsenal,28,38.0,65,,231,,,6.08,,0.26,,5,5,2008-2009
Aston Villa,21,38.0,48,,180,,,4.74,,0.24,,4,5,2008-2009
Blackburn,28,38.0,40,,153,,,4.03,,0.24,,4,7,2008-2009
Bolton,24,38.0,40,,185,,,4.87,,0.22,,0,1,2008-2009
Chelsea,29,38.0,65,,285,,,7.5,,0.22,,2,2,2008-2009
Everton,25,38.0,54,,200,,,5.26,,0.25,,4,5,2008-2009
Fulham,26,38.0,39,,173,,,4.55,,0.2,,5,5,2008-2009
Hull City,29,38.0,35,,160,,,4.21,,0.2,,3,3,2008-2009
Liverpool,23,38.0,73,,269,,,7.08,,0.25,,5,6,2008-2009
Manchester City,34,38.0,56,,213,,,5.61,,0.23,,6,7,2008-2009
Manchester Utd,33,38.0,68,,272,,,7.16,,0.24,,4,4,2008-2009
Middlesbrough,28,38.0,26,,153,,,4.03,,0.16,,1,3,2008-2009
Newcastle Utd,29,38.0,39,,149,,,3.92,,0.23,,4,5,2008-2009
Portsmouth,29,38.0,36,,163,,,4.29,,0.21,,2,3,2008-2009
Stoke City,29,38.0,36,,120,,,3.16,,0.26,,5,6,2008-2009
Sunderland,30,38.0,32,,164,,,4.32,,0.19,,1,1,2008-2009
Tottenham,29,38.0,43,,209,,,5.5,,0.19,,3,4,2008-2009
West Brom,30,38.0,34,,182,,,4.79,,0.17,,3,5,2008-2009
West Ham,30,38.0,41,,180,,,4.74,,0.22,,1,3,2008-2009
Wigan Athletic,29,38.0,33,,183,,,4.82,,0.15,,5,5,2008-2009
Arsenal,30,38.0,79,,237,,,6.24,,0.32,,3,4,2009-2010
Aston Villa,23,38.0,48,,164,,,4.32,,0.26,,5,8,2009-2010
Birmingham City,25,38.0,36,,156,,,4.11,,0.22,,2,4,2009-2010
Blackburn,28,38.0,38,,166,,,4.37,,0.21,,3,3,2009-2010
Bolton,25,38.0,42,,171,,,4.5,,0.22,,4,4,2009-2010
Burnley,26,38.0,42,,154,,,4.05,,0.23,,6,6,2009-2010
Chelsea,30,38.0,99,,284,,,7.47,,0.31,,11,12,2009-2010
Everton,28,38.0,56,,206,,,5.42,,0.25,,5,6,2009-2010
Fulham,29,38.0,38,,141,,,3.71,,0.24,,4,4,2009-2010
Hull City,30,38.0,33,,120,,,3.16,,0.23,,6,8,2009-2010
Liverpool,30,38.0,58,,192,,,5.05,,0.29,,3,3,2009-2010
Manchester City,31,38.0,73,,199,,,5.24,,0.34,,5,5,2009-2010
Manchester Utd,30,38.0,74,,246,,,6.47,,0.28,,6,8,2009-2010
Portsmouth,33,38.0,34,,149,,,3.92,,0.21,,3,6,2009-2010
Stoke City,23,38.0,32,,119,,,3.13,,0.25,,2,2,2009-2010
Sunderland,28,38.0,45,,152,,,4.0,,0.26,,6,9,2009-2010
Tottenham,30,38.0,66,,230,,,6.05,,0.28,,2,3,2009-2010
West Ham,30,38.0,46,,187,,,4.92,,0.21,,7,9,2009-2010
Wigan Athletic,27,38.0,36,,182,,,4.79,,0.19,,1,2,2009-2010
Wolves,29,38.0,28,,142,,,3.74,,0.18,,2,2,2009-2010
Arsenal,27,38.0,70,,243,,,6.39,,0.27,,4,7,2010-2011
Aston Villa,32,38.0,45,,167,,,4.39,,0.25,,4,6,2010-2011
Birmingham City,26,38.0,37,,122,,,3.21,,0.29,,2,2,2010-2011
Blackburn,29,38.0,43,,143,,,3.76,,0.29,,1,2,2010-2011
Blackpool,30,38.0,54,,171,,,4.5,,0.27,,7,8,2010-2011
Bolton,24,38.0,50,,176,,,4.63,,0.26,,4,5,2010-2011
Chelsea,24,38.0,68,,241,,,6.34,,0.26,,6,8,2010-2011
Everton,24,38.0,50,,192,,,5.05,,0.24,,3,4,2010-2011
Fulham,29,38.0,48,,182,,,4.79,,0.25,,2,3,2010-2011
Liverpool,30,38.0,58,,204,,,5.37,,0.25,,7,8,2010-2011
Manchester City,27,38.0,56,,182,,,4.79,,0.26,,8,9,2010-2011
Manchester Utd,29,38.0,75,,218,,,5.74,,0.33,,3,5,2010-2011
Newcastle Utd,30,38.0,55,,179,,,4.71,,0.28,,5,5,2010-2011
Stoke City,25,38.0,44,,146,,,3.84,,0.28,,3,3,2010-2011
Sunderland,31,38.0,41,,159,,,4.18,,0.23,,4,5,2010-2011
Tottenham,28,38.0,54,,202,,,5.32,,0.24,,5,5,2010-2011
West Brom,28,38.0,52,,183,,,4.82,,0.26,,4,6,2010-2011
West Ham,35,38.0,41,,176,,,4.63,,0.2,,5,6,2010-2011
Wigan Athletic,25,38.0,37,,175,,,4.61,,0.2,,2,3,2010-2011
Wolves,30,38.0,45,,145,,,3.82,,0.29,,3,3,2010-2011
Arsenal,32,38.0,73,,230,,,6.05,,0.31,,2,3,2011-2012
Aston Villa,27,38.0,37,,146,,,3.84,,0.23,,3,3,2011-2012
Blackburn,31,38.0,44,,150,,,3.95,,0.27,,4,8,2011-2012
Bolton,30,38.0,43,,159,,,4.18,,0.24,,5,6,2011-2012
Chelsea,29,38.0,63,,232,,,6.11,,0.25,,4,5,2011-2012
Everton,30,38.0,47,,166,,,4.37,,0.25,,5,5,2011-2012
Fulham,28,38.0,44,,197,,,5.18,,0.21,,3,4,2011-2012
Liverpool,26,38.0,42,,210,,,5.53,,0.2,,1,4,2011-2012
Manchester City,24,38.0,91,,262,,,6.89,,0.32,,7,8,2011-2012
Manchester Utd,31,38.0,87,,255,,,6.71,,0.31,,9,11,2011-2012
Newcastle Utd,26,38.0,51,,157,,,4.13,,0.31,,2,3,2011-2012
Norwich City,27,38.0,52,,171,,,4.5,,0.29,,2,2,2011-2012
QPR,35,38.0,41,,156,,,4.11,,0.25,,2,2,2011-2012
Stoke City,23,38.0,35,,105,,,2.76,,0.3,,4,6,2011-2012
Sunderland,28,38.0,43,,147,,,3.87,,0.29,,1,2,2011-2012
Swansea City,25,38.0,43,,149,,,3.92,,0.26,,5,6,2011-2012
Tottenham,29,38.0,66,,240,,,6.32,,0.26,,4,5,2011-2012
West Brom,25,38.0,44,,184,,,4.84,,0.23,,1,2,2011-2012
Wigan Athletic,23,38.0,41,,161,,,4.24,,0.22,,5,7,2011-2012
Wolves,32,38.0,40,,152,,,4.0,,0.24,,3,4,2011-2012
Arsenal,26,38.0,69,,272,,,7.16,,0.24,,5,6,2012-2013
Aston Villa,28,38.0,47,,176,,,4.63,,0.25,,3,3,2012-2013
Chelsea,26,38.0,71,,257,,,6.76,,0.24,,9,11,2012-2013
Everton,23,38.0,53,,266,,,7.0,,0.19,,2,2,2012-2013
Fulham,29,38.0,45,,205,,,5.39,,0.19,,6,6,2012-2013
Liverpool,28,38.0,67,,297,,,7.82,,0.21,,5,6,2012-2013
Manchester City,25,38.0,64,,285,,,7.5,,0.21,,4,6,2012-2013
Manchester Utd,25,38.0,80,,243,,,6.39,,0.31,,4,7,2012-2013
Newcastle Utd,32,38.0,43,,208,,,5.47,,0.19,,4,5,2012-2013
Norwich City,27,38.0,40,,177,,,4.66,,0.22,,1,2,2012-2013
QPR,30,38.0,29,,183,,,4.82,,0.15,,1,4,2012-2013
Reading,28,38.0,41,,146,,,3.84,,0.25,,4,4,2012-2013
Southampton,25,38.0,46,,207,,,5.45,,0.21,,3,3,2012-2013
Stoke City,24,38.0,33,,144,,,3.79,,0.21,,3,5,2012-2013
Sunderland,29,38.0,39,,164,,,4.32,,0.21,,4,4,2012-2013
Swansea City,25,38.0,47,,209,,,5.5,,0.22,,0,0,2012-2013
Tottenham,28,38.0,62,,284,,,7.47,,0.22,,0,0,2012-2013
West Brom,25,38.0,50,,200,,,5.26,,0.23,,5,7,2012-2013
West Ham,26,38.0,43,,206,,,5.42,,0.19,,4,4,2012-2013
Wigan Athletic,28,38.0,45,,209,,,5.5,,0.21,,1,1,2012-2013
Arsenal,27,38.0,68,,254,,,6.68,,0.26,,3,3,2013-2014
Aston Villa,26,38.0,38,,136,,,3.58,,0.26,,2,4,2013-2014
Cardiff City,32,38.0,31,,125,,,3.29,,0.24,,1,1,2013-2014
Chelsea,29,38.0,69,,281,,,7.39,,0.23,,5,7,2013-2014
Crystal Palace,31,38.0,32,,142,,,3.74,,0.19,,5,6,2013-2014
Everton,28,38.0,58,,235,,,6.18,,0.23,,3,3,2013-2014
Fulham,39,38.0,38,,149,,,3.92,,0.24,,2,3,2013-2014
Hull City,27,38.0,35,,129,,,3.39,,0.26,,2,3,2013-2014
Liverpool,25,38.0,97,,300,,,7.89,,0.29,,10,12,2013-2014
Manchester City,23,38.0,97,,239,,,6.29,,0.38,,6,7,2013-2014
Manchester Utd,30,38.0,63,,234,,,6.16,,0.25,,5,5,2013-2014
Newcastle Utd,26,38.0,41,,185,,,4.87,,0.21,,2,3,2013-2014
Norwich City,25,38.0,28,,145,,,3.82,,0.19,,1,2,2013-2014
Southampton,24,38.0,52,,181,,,4.76,,0.27,,3,3,2013-2014
Stoke City,26,38.0,44,,142,,,3.74,,0.28,,4,5,2013-2014
Sunderland,31,38.0,41,,135,,,3.55,,0.26,,6,6,2013-2014
Swansea City,27,38.0,47,,163,,,4.29,,0.26,,4,4,2013-2014
Tottenham,28,38.0,50,,228,,,6.0,,0.2,,5,6,2013-2014
West Brom,28,38.0,41,,145,,,3.82,,0.27,,2,2,2013-2014
West Ham,29,38.0,36,,123,,,3.24,,0.28,,2,2,2013-2014
Arsenal,29,38.0,69,,226,,,5.95,,0.28,,6,7,2014-2015
Aston Villa,27,38.0,31,,127,,,3.34,,0.24,,1,1,2014-2015
Burnley,24,38.0,27,,124,,,3.26,,0.21,,1,2,2014-2015
Chelsea,25,38.0,72,,209,,,5.5,,0.33,,4,5,2014-2015
Crystal Palace,30,38.0,46,,139,,,3.66,,0.29,,5,7,2014-2015
Everton,28,38.0,47,,167,,,4.39,,0.26,,4,7,2014-2015
Hull City,29,38.0,32,,131,,,3.45,,0.24,,1,1,2014-2015
Leicester City,28,38.0,45,,137,,,3.61,,0.31,,3,3,2014-2015
Liverpool,25,38.0,48,,193,,,5.08,,0.22,,5,6,2014-2015
Manchester City,24,38.0,82,,228,,,6.0,,0.33,,7,8,2014-2015
Manchester Utd,33,38.0,60,,177,,,4.66,,0.32,,3,5,2014-2015
Newcastle Utd,27,38.0,40,,140,,,3.68,,0.28,,1,1,2014-2015
QPR,32,38.0,39,,149,,,3.92,,0.24,,3,5,2014-2015
Southampton,29,38.0,49,,167,,,4.39,,0.28,,2,3,2014-2015
Stoke City,25,38.0,47,,136,,,3.58,,0.32,,3,3,2014-2015
Sunderland,25,38.0,30,,129,,,3.39,,0.2,,4,4,2014-2015
Swansea City,28,38.0,43,,146,,,3.84,,0.28,,2,2,2014-2015
Tottenham,27,38.0,56,,171,,,4.5,,0.31,,3,5,2014-2015
West Brom,26,38.0,37,,132,,,3.47,,0.25,,4,5,2014-2015
West Ham,28,38.0,43,,153,,,4.03,,0.27,,1,2,2014-2015
Arsenal,25,38.0,62,,210,,,5.53,,0.29,,1,2,2015-2016
Aston Villa,29,38.0,24,,110,,,2.89,,0.2,,2,2,2015-2016
Bournemouth,28,38.0,43,,143,,,3.76,,0.28,,3,4,2015-2016
Chelsea,28,38.0,55,,172,,,4.53,,0.3,,4,5,2015-2016
Crystal Palace,30,38.0,38,,153,,,4.03,,0.22,,4,5,2015-2016
Everton,31,38.0,56,,174,,,4.58,,0.3,,4,5,2015-2016
Leicester City,23,38.0,68,,179,,,4.71,,0.32,,10,13,2015-2016
Liverpool,34,38.0,62,,199,,,5.24,,0.3,,2,2,2015-2016
Manchester City,25,38.0,71,,210,,,5.53,,0.31,,5,8,2015-2016
Manchester Utd,33,38.0,46,,144,,,3.79,,0.3,,3,3,2015-2016
Newcastle Utd,31,38.0,43,,150,,,3.95,,0.27,,3,3,2015-2016
Norwich City,28,38.0,38,,130,,,3.42,,0.28,,1,1,2015-2016
Southampton,26,38.0,58,,165,,,4.34,,0.33,,3,4,2015-2016
Stoke City,27,38.0,40,,127,,,3.34,,0.28,,5,5,2015-2016
Sunderland,31,38.0,44,,173,,,4.55,,0.24,,3,3,2015-2016
Swansea City,27,38.0,41,,135,,,3.55,,0.27,,5,5,2015-2016
Tottenham,24,38.0,68,,250,,,6.58,,0.25,,5,5,2015-2016
Watford,25,38.0,38,,139,,,3.66,,0.23,,6,7,2015-2016
West Brom,28,38.0,32,,108,,,2.84,,0.29,,1,5,2015-2016
West Ham,28,38.0,64,,186,,,4.89,,0.32,,4,4,2015-2016
Arsenal,29,38.0,73,568,201,35.4,14.95,5.29,0.12,0.34,,4,6,2016-2017
Bournemouth,27,38.0,53,452,160,35.4,11.89,4.21,0.1,0.29,,7,10,2016-2017
Burnley,27,38.0,39,388,121,31.2,10.21,3.18,0.09,0.27,,6,6,2016-2017
Chelsea,24,38.0,83,582,205,35.2,15.32,5.39,0.14,0.4,,2,4,2016-2017
Crystal Palace,31,38.0,48,441,137,31.1,11.61,3.61,0.1,0.32,,4,7,2016-2017
Everton,27,38.0,58,500,192,38.4,13.16,5.05,0.11,0.29,,3,4,2016-2017
Hull City,28,38.0,36,396,126,31.8,10.42,3.32,0.08,0.26,,3,3,2016-2017
Leicester City,25,38.0,46,435,145,33.3,11.45,3.82,0.1,0.29,,4,6,2016-2017
Liverpool,23,38.0,77,639,236,36.9,16.82,6.21,0.11,0.3,,7,8,2016-2017
Manchester City,25,38.0,75,633,215,34.0,16.66,5.66,0.11,0.32,,7,9,2016-2017
Manchester Utd,31,38.0,54,589,207,35.1,15.5,5.45,0.09,0.25,,3,4,2016-2017
Middlesbrough,27,38.0,26,349,98,28.1,9.18,2.58,0.07,0.24,,2,2,2016-2017
Southampton,26,38.0,39,549,179,32.6,14.45,4.71,0.07,0.2,,3,6,2016-2017
Stoke City,26,38.0,37,426,135,31.7,11.21,3.55,0.08,0.24,,4,6,2016-2017
Sunderland,31,38.0,28,388,122,31.4,10.21,3.21,0.06,0.19,,5,5,2016-2017
Swansea City,27,38.0,45,403,145,36.0,10.61,3.82,0.1,0.29,,3,3,2016-2017
Tottenham,24,38.0,84,670,257,38.4,17.63,6.76,0.11,0.3,,7,9,2016-2017
Watford,33,38.0,39,424,143,33.7,11.16,3.76,0.08,0.25,,3,3,2016-2017
West Brom,23,38.0,43,399,124,31.1,10.5,3.26,0.11,0.34,,1,1,2016-2017
West Ham,29,38.0,46,498,136,27.3,13.11,3.58,0.09,0.32,,3,4,2016-2017
Arsenal,30,38.0,73,589,223,37.9,15.5,5.87,0.12,0.31,17.9,4,5,2017-2018
Bournemouth,22,38.0,45,462,153,33.1,12.16,4.03,0.09,0.27,18.3,3,3,2017-2018
Brighton,24,38.0,33,377,110,29.2,9.92,2.89,0.07,0.25,18.3,5,7,2017-2018
Burnley,24,38.0,35,378,126,33.3,9.95,3.32,0.09,0.28,17.0,0,0,2017-2018
Chelsea,26,38.0,60,603,210,34.8,15.87,5.53,0.09,0.27,17.9,3,3,2017-2018
Crystal Palace,28,38.0,44,466,134,28.8,12.26,3.53,0.08,0.27,17.8,8,10,2017-2018
Everton,30,38.0,42,351,110,31.3,9.24,2.89,0.11,0.34,17.6,5,8,2017-2018
Huddersfield,25,38.0,25,360,106,29.4,9.47,2.79,0.06,0.22,18.8,2,2,2017-2018
Leicester City,27,38.0,53,417,137,32.9,10.97,3.61,0.12,0.35,17.6,5,6,2017-2018
Liverpool,27,38.0,82,635,226,35.6,16.71,5.95,0.13,0.35,17.7,2,3,2017-2018
Manchester City,25,38.0,103,656,254,38.7,17.26,6.68,0.15,0.38,17.8,6,8,2017-2018
Manchester Utd,27,38.0,67,509,170,33.4,13.39,4.47,0.13,0.39,18.4,1,3,2017-2018
Newcastle Utd,27,38.0,38,450,146,32.4,11.84,3.84,0.08,0.26,19.2,0,1,2017-2018
Southampton,26,38.0,36,447,136,30.4,11.76,3.58,0.07,0.24,18.1,3,3,2017-2018
Stoke City,30,38.0,34,380,122,32.1,10.0,3.21,0.09,0.28,18.1,0,3,2017-2018
Swansea City,26,38.0,27,338,95,28.1,8.89,2.5,0.08,0.27,18.2,1,1,2017-2018
Tottenham,25,38.0,70,620,209,33.7,16.32,5.5,0.11,0.33,18.4,2,3,2017-2018
Watford,29,38.0,42,434,126,29.0,11.42,3.32,0.09,0.31,17.9,3,6,2017-2018
West Brom,24,38.0,31,377,111,29.4,9.92,2.92,0.08,0.27,17.7,1,1,2017-2018
West Ham,27,38.0,48,368,127,34.5,9.68,3.34,0.13,0.36,18.2,2,4,2017-2018
Arsenal,28,38.0,69,462,159,34.4,12.16,4.18,0.14,0.41,16.7,4,5,2018-2019
Bournemouth,28,38.0,55,437,153,35.0,11.5,4.03,0.11,0.31,17.4,7,9,2018-2019
Brighton,21,38.0,35,364,99,27.2,9.58,2.61,0.08,0.3,17.9,5,6,2018-2019
Burnley,23,38.0,43,358,112,31.3,9.42,2.95,0.11,0.37,15.8,2,2,2018-2019
Cardiff City,25,38.0,33,413,113,27.4,10.87,2.97,0.07,0.27,17.7,3,4,2018-2019
Chelsea,24,38.0,61,602,192,31.9,15.84,5.05,0.09,0.29,17.8,5,5,2018-2019
Crystal Palace,26,38.0,48,482,135,28.0,12.68,3.55,0.08,0.28,18.4,10,11,2018-2019
Everton,23,38.0,53,493,163,33.1,12.97,4.29,0.1,0.31,16.9,2,5,2018-2019
Fulham,28,38.0,33,451,140,31.0,11.87,3.68,0.07,0.22,19.0,2,3,2018-2019
Huddersfield,31,38.0,21,400,116,29.0,10.53,3.05,0.05,0.17,19.1,1,1,2018-2019
Leicester City,25,38.0,48,508,173,34.1,13.37,4.55,0.08,0.25,18.6,5,7,2018-2019
Liverpool,23,38.0,86,568,211,37.1,14.95,5.55,0.14,0.37,17.0,7,7,2018-2019
Manchester City,21,38.0,91,679,252,37.1,17.87,6.63,0.13,0.35,16.9,3,4,2018-2019
Manchester Utd,28,38.0,65,514,210,40.9,13.53,5.53,0.11,0.27,18.7,9,12,2018-2019
Newcastle Utd,24,38.0,41,443,136,30.7,11.66,3.58,0.09,0.29,18.8,1,3,2018-2019
Southampton,30,38.0,44,479,155,32.4,12.61,4.08,0.08,0.26,18.9,4,5,2018-2019
Tottenham,28,38.0,66,533,182,34.1,14.03,4.79,0.12,0.34,18.1,4,4,2018-2019
Watford,25,38.0,51,436,148,33.9,11.47,3.89,0.11,0.34,17.3,1,1,2018-2019
West Ham,26,38.0,51,436,149,34.2,11.47,3.92,0.11,0.31,17.2,5,5,2018-2019
Wolves,21,38.0,46,473,144,30.4,12.45,3.79,0.09,0.29,17.7,4,4,2018-2019
Arsenal,29,38.0,56,403,146,36.2,10.61,3.84,0.13,0.36,16.4,3,3,2019-2020
Aston Villa,28,38.0,40,453,147,32.5,11.92,3.87,0.09,0.27,17.5,1,3,2019-2020
Bournemouth,27,38.0,38,385,117,30.4,10.13,3.08,0.09,0.29,17.3,4,4,2019-2020
Brighton,25,38.0,35,460,139,30.2,12.11,3.66,0.07,0.24,17.6,1,2,2019-2020
Burnley,22,38.0,41,384,124,32.3,10.11,3.26,0.1,0.31,16.4,3,3,2019-2020
Chelsea,27,38.0,69,618,210,34.0,16.26,5.53,0.1,0.3,16.6,7,7,2019-2020
Crystal Palace,25,38.0,29,373,115,30.8,9.82,3.03,0.07,0.23,17.0,3,3,2019-2020
Everton,24,38.0,42,468,159,34.0,12.32,4.18,0.09,0.26,16.4,1,1,2019-2020
Leicester City,24,38.0,65,533,183,34.3,14.03,4.82,0.11,0.33,17.4,5,7,2019-2020
Liverpool,24,38.0,83,586,224,38.2,15.42,5.89,0.13,0.35,16.5,5,5,2019-2020
Manchester City,24,38.0,100,735,250,34.0,19.34,6.58,0.13,0.38,16.4,6,11,2019-2020
Manchester Utd,29,38.0,65,530,201,37.9,13.95,5.29,0.1,0.27,19.1,10,14,2019-2020
Newcastle Utd,28,38.0,38,398,132,33.2,10.47,3.47,0.1,0.29,19.1,0,1,2019-2020
Norwich City,30,38.0,25,407,126,31.0,10.71,3.32,0.06,0.18,18.0,2,2,2019-2020
Sheffield Utd,26,38.0,36,352,109,31.0,9.26,2.87,0.1,0.32,15.2,1,1,2019-2020
Southampton,25,38.0,51,494,171,34.6,13.0,4.5,0.1,0.29,17.8,2,5,2019-2020
Tottenham,29,38.0,56,440,154,35.0,11.58,4.05,0.12,0.34,18.4,3,4,2019-2020
Watford,26,38.0,35,416,112,26.9,10.95,2.95,0.07,0.25,17.3,7,8,2019-2020
West Ham,29,38.0,49,413,156,37.8,10.87,4.11,0.11,0.29,16.4,4,4,2019-2020
Wolves,21,38.0,49,457,142,31.1,12.03,3.74,0.1,0.32,17.4,4,4,2019-2020
Arsenal,29,38.0,53,453,140,30.9,11.92,3.68,0.1,0.34,17.7,6,6,2020-2021
Aston Villa,24,38.0,52,514,178,34.6,13.53,4.68,0.09,0.26,17.3,5,6,2020-2021
Brighton,27,38.0,39,478,134,28.0,12.58,3.53,0.07,0.25,17.4,6,9,2020-2021
Burnley,25,38.0,32,381,124,32.5,10.03,3.26,0.08,0.23,17.4,3,3,2020-2021
Chelsea,27,38.0,56,546,193,35.3,14.37,5.08,0.09,0.25,17.1,8,10,2020-2021
Crystal Palace,24,38.0,39,345,127,36.8,9.08,3.34,0.1,0.28,17.6,3,4,2020-2021
Everton,29,38.0,45,395,143,36.2,10.39,3.76,0.1,0.29,17.2,4,5,2020-2021
Fulham,28,38.0,26,436,125,28.7,11.47,3.29,0.05,0.18,18.3,3,6,2020-2021
Leeds United,23,38.0,60,518,193,37.3,13.63,5.08,0.11,0.29,16.9,4,4,2020-2021
Leicester City,27,38.0,64,473,170,35.9,12.45,4.47,0.11,0.32,18.6,10,12,2020-2021
Liverpool,28,38.0,65,602,204,33.9,15.84,5.37,0.1,0.29,17.1,6,6,2020-2021
Manchester City,24,38.0,82,590,211,35.8,15.53,5.55,0.13,0.36,17.2,5,9,2020-2021
Manchester Utd,29,38.0,70,515,196,38.1,13.55,5.16,0.12,0.31,18.1,10,11,2020-2021
Newcastle Utd,27,38.0,44,390,130,33.3,10.26,3.42,0.1,0.29,18.3,6,7,2020-2021
Sheffield Utd,27,38.0,19,319,92,28.8,8.39,2.42,0.05,0.17,17.7,3,4,2020-2021
Southampton,29,38.0,47,418,157,37.6,11.0,4.13,0.1,0.27,18.6,5,6,2020-2021
Tottenham,24,38.0,66,438,167,38.1,11.53,4.39,0.14,0.37,18.0,5,5,2020-2021
West Brom,30,38.0,33,335,106,31.6,8.82,2.79,0.09,0.27,18.4,4,4,2020-2021
West Ham,24,38.0,60,464,158,34.1,12.21,4.16,0.13,0.37,16.1,2,4,2020-2021
Wolves,27,38.0,34,459,149,32.5,12.08,3.92,0.07,0.2,18.5,4,4,2020-2021
Arsenal,27,38.0,60,581,186,32.0,15.29,4.89,0.09,0.3,17.8,5,8,2021-2022
Aston Villa,31,38.0,50,461,159,34.5,12.13,4.18,0.1,0.3,17.6,3,3,2021-2022
Brentford,29,38.0,46,436,141,32.3,11.47,3.71,0.09,0.28,16.3,6,6,2021-2022
Brighton,26,38.0,40,482,141,29.3,12.68,3.71,0.07,0.26,17.7,4,7,2021-2022
Burnley,23,38.0,32,405,119,29.4,10.66,3.13,0.08,0.26,17.2,1,2,2021-2022
Chelsea,26,38.0,75,583,200,34.3,15.34,5.26,0.11,0.34,17.4,8,9,2021-2022
Crystal Palace,24,38.0,50,404,140,34.7,10.63,3.68,0.11,0.31,16.1,6,8,2021-2022
Everton,33,38.0,42,430,130,30.2,11.32,3.42,0.08,0.28,17.7,6,7,2021-2022
Leeds United,29,38.0,42,480,142,29.6,12.63,3.74,0.08,0.26,18.3,5,5,2021-2022
Leicester City,28,38.0,62,433,164,37.9,11.39,4.32,0.14,0.37,17.8,2,2,2021-2022
Liverpool,27,38.0,94,721,237,32.9,18.97,6.24,0.12,0.37,16.7,7,8,2021-2022
Manchester City,26,38.0,96,704,237,33.7,18.53,6.24,0.13,0.38,16.3,7,9,2021-2022
Manchester Utd,29,38.0,56,503,179,35.6,13.24,4.71,0.11,0.3,17.7,3,5,2021-2022
Newcastle Utd,29,38.0,41,446,142,31.8,11.74,3.74,0.09,0.27,18.1,3,3,2021-2022
Norwich City,28,38.0,21,370,104,28.1,9.74,2.74,0.05,0.17,19.0,3,3,2021-2022
Southampton,25,38.0,41,478,161,33.7,12.58,4.24,0.08,0.23,17.7,4,4,2021-2022
Tottenham,25,38.0,63,486,185,38.1,12.79,4.87,0.12,0.31,16.7,5,5,2021-2022
Watford,30,38.0,33,397,123,31.0,10.45,3.24,0.08,0.26,18.1,1,2,2021-2022
West Ham,25,38.0,58,443,142,32.1,11.66,3.74,0.12,0.38,16.6,4,6,2021-2022
Wolves,26,38.0,35,401,133,33.2,10.55,3.5,0.08,0.26,18.6,1,1,2021-2022
Arsenal,26,38.0,84,589,194,32.9,15.5,5.11,0.14,0.42,16.0,3,4,2022-2023
Aston Villa,26,38.0,49,427,145,34.0,11.24,3.82,0.11,0.32,18.0,3,4,2022-2023
Bournemouth,31,38.0,37,358,126,35.2,9.42,3.32,0.1,0.29,15.5,0,0,2022-2023
Brentford,25,38.0,56,400,147,36.8,10.53,3.87,0.12,0.33,15.7,7,8,2022-2023
Brighton,29,38.0,68,607,219,36.1,15.97,5.76,0.1,0.28,16.8,6,6,2022-2023
Chelsea,32,38.0,37,481,151,31.4,12.66,3.97,0.07,0.23,16.8,3,3,2022-2023
Crystal Palace,26,38.0,38,423,133,31.4,11.13,3.5,0.09,0.28,17.6,1,3,2022-2023
Everton,28,38.0,32,426,143,33.6,11.21,3.76,0.07,0.2,16.8,3,3,2022-2023
Fulham,29,38.0,52,420,137,32.6,11.05,3.61,0.11,0.34,17.3,5,9,2022-2023
Leeds United,29,38.0,45,459,141,30.7,12.08,3.71,0.1,0.31,16.6,1,3,2022-2023
Leicester City,28,38.0,49,412,142,34.5,10.84,3.74,0.11,0.32,17.7,3,6,2022-2023
Liverpool,28,38.0,71,601,203,33.8,15.82,5.34,0.11,0.34,16.2,2,4,2022-2023
Manchester City,24,38.0,92,590,205,34.7,15.53,5.39,0.14,0.4,16.6,9,10,2022-2023
Manchester Utd,26,38.0,56,590,206,34.9,15.53,5.42,0.09,0.26,17.8,3,3,2022-2023
Newcastle Utd,27,38.0,64,565,184,32.6,14.87,4.84,0.1,0.32,15.6,6,6,2022-2023
Nott'ham Forest,33,38.0,36,362,111,30.7,9.53,2.92,0.09,0.3,17.2,3,6,2022-2023
Southampton,36,38.0,36,413,132,32.0,10.87,3.47,0.08,0.26,18.1,2,4,2022-2023
Tottenham,29,38.0,68,512,186,36.3,13.47,4.89,0.12,0.34,16.7,5,6,2022-2023
West Ham,25,38.0,41,466,133,28.5,12.26,3.5,0.08,0.26,17.3,6,8,2022-2023
Wolves,32,38.0,28,409,119,29.1,10.76,3.13,0.06,0.21,18.0,3,3,2022-2023
Arsenal,25,38.0,86,647,209,32.3,17.03,5.5,0.12,0.36,15.8,10,10,2023-2024
Aston Villa,31,38.0,72,511,182,35.6,13.45,4.79,0.13,0.37,16.0,4,4,2023-2024
Bournemouth,30,38.0,52,539,175,32.5,14.18,4.61,0.09,0.29,16.7,2,3,2023-2024
Brentford,28,38.0,54,470,159,33.8,12.37,4.18,0.11,0.32,15.6,3,3,2023-2024
Brighton,30,38.0,50,555,198,35.7,14.61,5.21,0.08,0.23,16.7,5,6,2023-2024
Burnley,31,38.0,40,430,137,31.9,11.32,3.61,0.09,0.27,17.7,3,3,2023-2024
Chelsea,32,38.0,76,537,194,36.1,14.13,5.11,0.12,0.34,17.3,11,12,2023-2024
Crystal Palace,26,38.0,56,452,162,35.8,11.89,4.26,0.12,0.32,17.2,4,4,2023-2024
Everton,26,38.0,40,504,152,30.2,13.26,4.0,0.08,0.25,16.7,2,3,2023-2024
Fulham,25,38.0,54,499,175,35.1,13.13,4.61,0.1,0.3,17.0,2,2,2023-2024
Liverpool,30,38.0,80,781,263,33.7,20.55,6.92,0.09,0.28,17.2,6,9,2023-2024
Luton Town,28,38.0,49,427,134,31.4,11.24,3.53,0.1,0.33,16.3,5,5,2023-2024
Manchester City,25,38.0,94,683,264,38.7,17.97,6.95,0.12,0.32,17.1,9,10,2023-2024
Manchester Utd,31,38.0,57,543,182,33.5,14.29,4.79,0.09,0.28,17.4,6,7,2023-2024
Newcastle Utd,32,38.0,83,542,196,36.2,14.26,5.16,0.14,0.38,15.7,8,9,2023-2024
Nott'ham Forest,33,38.0,49,450,143,31.8,11.84,3.76,0.11,0.34,17.2,1,1,2023-2024
Sheffield Utd,35,38.0,31,360,117,32.5,9.47,3.08,0.07,0.22,17.4,5,5,2023-2024
Tottenham,29,38.0,69,582,207,35.6,15.32,5.45,0.12,0.32,16.5,2,2,2023-2024
West Ham,26,38.0,58,445,146,32.8,11.71,3.84,0.12,0.37,16.2,4,5,2023-2024
Wolves,27,38.0,47,425,153,36.0,11.18,4.03,0.1,0.28,16.7,4,4,2023-2024
Arsenal,25,38.0,67,544,178,32.7,14.32,4.68,0.12,0.37,15.1,2,2,2024-2025
Aston Villa,28,38.0,56,478,159,33.3,12.58,4.18,0.11,0.33,16.3,3,6,2024-2025
Bournemouth,29,38.0,57,574,192,33.4,15.11,5.05,0.09,0.27,16.7,6,7,2024-2025
Brentford,28,38.0,65,434,173,39.9,11.42,4.55,0.14,0.35,14.9,5,6,2024-2025
Brighton,32,38.0,64,526,183,34.8,13.84,4.82,0.11,0.31,17.2,7,7,2024-2025
Chelsea,29,38.0,61,590,203,34.4,15.53,5.34,0.1,0.28,16.7,4,5,2024-2025
Crystal Palace,29,38.0,49,512,175,34.2,13.47,4.61,0.09,0.26,16.8,3,4,2024-2025
Everton,26,38.0,39,404,139,34.4,10.63,3.66,0.09,0.27,16.8,2,2,2024-2025
Fulham,26,38.0,53,516,167,32.4,13.58,4.39,0.1,0.3,16.4,3,4,2024-2025
Ipswich Town,32,38.0,35,374,120,32.1,9.84,3.16,0.09,0.28,17.7,2,2,2024-2025
Leicester City,32,38.0,33,332,105,31.6,8.74,2.76,0.09,0.3,17.3,2,3,2024-2025
Liverpool,24,38.0,85,639,215,33.6,16.82,5.66,0.12,0.35,15.9,9,9,2024-2025
Manchester City,30,38.0,71,603,208,34.5,15.87,5.47,0.11,0.33,16.9,3,4,2024-2025
Manchester Utd,31,38.0,42,524,168,32.1,13.79,4.42,0.07,0.23,17.4,4,4,2024-2025
Newcastle Utd,24,38.0,66,519,163,31.4,13.66,4.29,0.12,0.37,15.9,5,6,2024-2025
Nott'ham Forest,23,38.0,57,460,162,35.2,12.11,4.26,0.12,0.33,17.5,3,3,2024-2025
Southampton,36,38.0,25,341,106,31.1,8.97,2.79,0.07,0.24,16.3,0,2,2024-2025
Tottenham,31,38.0,61,493,177,35.9,12.97,4.66,0.12,0.33,16.0,3,4,2024-2025
West Ham,27,38.0,43,473,137,29.0,12.45,3.61,0.08,0.29,16.3,3,3,2024-2025
Wolves,32,38.0,53,431,155,36.0,11.34,4.08,0.12,0.34,18.1,0,0,2024-2025
